product_url,product_title,product_description,product_price,image_url,image_path
https://www.siamtak.com/products/gzt-0215-44,GZT-0215-44,กระเบื้องสระว่ายนํ้า GZT-0215-44,790,https://siamtak.b-cdn.net/hero-product/GZT-0215-44.jpg?width=600&quality=80&format=webp,data\granite_images\gzt-0215-44.jpg
https://www.siamtak.com/products/gzt-0005-44,GZT-0005-44,หินแกรนิต GZT-0005-44,790,https://siamtak.b-cdn.net/hero-product/GZT-0005-44.jpg?width=600&quality=80&format=webp,data\granite_images\gzt-0005-44.jpg
https://www.siamtak.com/products/lt-bss,หินลูกเต๋า ดำซานซี,หินแกรนิต หินลูกเต๋า ดำซานซี,12,https://siamtak.b-cdn.net/hero-product/67bc1a2430b20a8453cea5a4_CLV-low.jpg,data\granite_images\lt-bss.jpg
https://www.siamtak.com/products/oyd-6267-79,OYD-6267-79,กระเบื้องผิวด้าน OYD-6267-79,469,https://siamtak.b-cdn.net/hero-product/OYD-6267-79.jpg?width=600&quality=80&format=webp,data\granite_images\oyd-6267-79.jpg
https://www.siamtak.com/products/edw-4a66-5766,EDW-4A66-5766,กระเบื้องผิวด้าน EDW-4A66-5766,199,https://siamtak.b-cdn.net/hero-product/EDW-4A66-5766.jpg?width=600&quality=80&format=webp,data\granite_images\edw-4a66-5766.jpg
https://www.siamtak.com/products/sh-6200-m,SH-6200-M,กระเบื้องผิวด้าน SH-6200-M,319,https://siamtak.b-cdn.net/hero-product/SH-6200-M.jpg?width=600&quality=80&format=webp,data\granite_images\sh-6200-m.jpg
https://www.siamtak.com/products/mid-m612-806a-2,MID-M612-806A,หินแกรนิต MID-M612-806A,299,https://siamtak.b-cdn.net/hero-product/MID-M612-806A.jpg?width=600&quality=80&format=webp,data\granite_images\mid-m612-806a-2.jpg
https://www.siamtak.com/products/gzt-g003-44,GZT-G003-44,กระเบื้องสระว่ายนํ้า GZT-G003-44,790,https://siamtak.b-cdn.net/hero-product/GZT-G003-44.jpg?width=600&quality=80&format=webp,data\granite_images\gzt-g003-44.jpg
https://www.siamtak.com/products/std-a007-1358,STD-A007-1358,ขาโต๊ะสแตนเลสเกรด 201 คุณภาพสูง แข็งแรง ทนทาน ชุบสารกันสนิมชนิดพิเศษ สามารถเลือกท็อปหินที่มีในร้านได้มากกว่า 200 ชนิด,6890,https://siamtak.b-cdn.net/hero-product/STD-A007-1358.jpg?width=600&quality=80&format=webp,data\granite_images\std-a007-1358.jpg
https://www.siamtak.com/products/stc-a007-1358,STC-A007-1358,ขาโต๊ะสแตนเลสเกรด 201 คุณภาพสูง แข็งแรง ทนทาน ชุบสารกันสนิมชนิดพิเศษ สามารถเลือกท็อปหินที่มีในร้านได้มากกว่า 200 ชนิด,7990,https://siamtak.b-cdn.net/hero-product/STC-A007-1358.jpg?width=600&quality=80&format=webp,data\granite_images\stc-a007-1358.jpg
https://www.siamtak.com/products/odf-2010-7-2,ODF-2010-7,กระเบื้องผิวด้าน ODF-2010-7,319,https://siamtak.b-cdn.net/hero-product/ODF-2010-7.jpg?width=600&quality=80&format=webp,data\granite_images\odf-2010-7-2.jpg
https://www.siamtak.com/products/hinluuketaa-lt-idb2,หินลูกเต๋า ดำอัฟริกา,หินแกรนิต หินลูกเต๋า ดำอัฟริกา,15,https://siamtak.b-cdn.net/hero-product/67bc1a2430b20a8453cea5a4_CLV-low.jpg,data\granite_images\hinluuketaa-lt-idb2.jpg
https://www.siamtak.com/products/std-a005-4060,STD-A005-4060,ขาโต๊ะสแตนเลสเกรด 201 คุณภาพสูง แข็งแรง ทนทาน ชุบสารกันสนิมชนิดพิเศษ สามารถเลือกท็อปหินที่มีในร้านได้มากกว่า 200 ชนิด,2690,https://siamtak.b-cdn.net/hero-product/STD-A005-4060.jpg?width=600&quality=80&format=webp,data\granite_images\std-a005-4060.jpg
https://www.siamtak.com/products/hinluuketaa-lt-603,หินลูกเต๋า ขาวจีน,หินแกรนิต หินลูกเต๋า ขาวจีน,9,https://siamtak.b-cdn.net/hero-product/67bc1a2430b20a8453cea5a4_CLV-low.jpg,data\granite_images\hinluuketaa-lt-603.jpg
https://www.siamtak.com/products/gzt-0211-44,GZT-0211-44,กระเบื้องสระว่ายนํ้า GZT-0211-44,790,https://siamtak.b-cdn.net/hero-product/GZT-0211-44.jpg?width=600&quality=80&format=webp,data\granite_images\gzt-0211-44.jpg
https://www.siamtak.com/products/oyd-6267-85,OYD-6267-85,กระเบื้องผิวด้าน OYD-6267-85,469,https://siamtak.b-cdn.net/hero-product/OYD-6267-85.jpg?width=600&quality=80&format=webp,data\granite_images\oyd-6267-85.jpg
https://www.siamtak.com/products/oy-204-vaxmb,OY-204,กะเบื้องผิวเงา OY-204,299,https://siamtak.b-cdn.net/hero-product/OY-204.jpg?width=600&quality=80&format=webp,data\granite_images\oy-204-vaxmb.jpg
https://www.siamtak.com/products/stc-a005-4060,STC-A005-4060,ขาโต๊ะสแตนเลสเกรด 201 คุณภาพสูง แข็งแรง ทนทาน ชุบสารกันสนิมชนิดพิเศษ สามารถเลือกท็อปหินที่มีในร้านได้มากกว่า 200 ชนิด,2490,https://siamtak.b-cdn.net/hero-product/STC-A005-4060.jpg?width=600&quality=80&format=webp,data\granite_images\stc-a005-4060.jpg
https://www.siamtak.com/products/oy6-12sg-6011,OY6-12SG-6011,กระเบื้องผิวเงา OY6-12SG-6011,,https://siamtak.b-cdn.net/hero-product/OY6-12SG-6011.jpg?width=600&quality=80&format=webp,data\granite_images\oy6-12sg-6011.jpg
https://www.siamtak.com/products/oy-612s-18,OY-612S-18,กระเบื้องลายหินอ่อน OY-612S-18,319,https://siamtak.b-cdn.net/hero-product/OY-612S-18--60x120.jpg?width=600&quality=80&format=webp,data\granite_images\oy-612s-18.jpg
https://www.siamtak.com/products/oy-612s-18-2,OY-612S-18,กระเบื้องผิวเงา OY-612S-18,319,https://siamtak.b-cdn.net/hero-product/OY-612S-18.jpg?width=600&quality=80&format=webp,data\granite_images\oy-612s-18-2.jpg
https://www.siamtak.com/products/edm-a625-057-w4zdx,EDM-A625-057,กระเบื้องผิวด้าน EDM-A625-057,,https://siamtak.b-cdn.net/hero-product/EDM-A625-057.jpg?width=600&quality=80&format=webp,data\granite_images\edm-a625-057-w4zdx.jpg
https://www.siamtak.com/products/612-tl32,612-TL32,กระเบื้องผิวด้าน 612-TL32,489,https://siamtak.b-cdn.net/hero-product/612-TL32.jpg?width=600&quality=80&format=webp,data\granite_images\612-tl32.jpg
https://www.siamtak.com/products/diamond-white,DIAMOND WHITE,หินแกรนิตไดมอนด์ไวท์ (ชนิดโดโลไมต์) DIAMOND WHITE,3590,https://siamtak.b-cdn.net/hero-product/WDM.jpg?width=600&quality=80&format=webp,data\granite_images\diamond-white.jpg
https://www.siamtak.com/products/612-tl31,612-TL31,กระเบื้องผิวด้าน 612-Tl31,489,https://siamtak.b-cdn.net/hero-product/612-TL31.jpg?width=600&quality=80&format=webp,data\granite_images\612-tl31.jpg
https://www.siamtak.com/products/edw-3a66-6061,EDW-3A66-6061,กระเบื้องผิวด้าน EDW-3A66-6061,199,https://siamtak.b-cdn.net/hero-product/EDW-3A66-6061.jpg?width=600&quality=80&format=webp,data\granite_images\edw-3a66-6061.jpg
https://www.siamtak.com/products/edw-3a66-5939,EDW-3A66-5939,กระเบื้องผิวด้าน EDW-3A66-5939,199,https://siamtak.b-cdn.net/hero-product/EDW-3A66-5939.jpg?width=600&quality=80&format=webp,data\granite_images\edw-3a66-5939.jpg
https://www.siamtak.com/products/jasper-red,JASPER RED,"หินอ่อนแจสเปอร์ เรด (Jasper Red Marble) หินอ่อนนำเข้าสีแดงเข้ม โดดเด่นด้วยลวดลายเส้นแร่สีขาวที่แทรกตัวอยู่ทั่วแผ่นหิน ให้ความรู้สึกแข็งแกร่งและหรูหราในเวลาเดียวกัน เป็นหินที่นิยมใช้ในการตกแต่งเพื่อสร้างจุดเด่นให้กับพื้นที่ห้องรับแขก, ท็อปเคาน์เตอร์บาร์สุดหรู, หรือโต๊ะรับประทานอาหารที่ต้องการความโดดเด่นไม่ซ้ำใคร",2290,https://siamtak.b-cdn.net/hero-product/JPR-RE.jpg?width=600&quality=80&format=webp,data\granite_images\jasper-red.jpg
https://www.siamtak.com/products/edw-3a66-6060,EDW-3A66-6060,กระเบื้องผิวด้าน EDW-3A66-6060,199,https://siamtak.b-cdn.net/hero-product/EDW-3A66-6060.jpg?width=600&quality=80&format=webp,data\granite_images\edw-3a66-6060.jpg
https://www.siamtak.com/products/edw-3a66-6062,EDW-3A66-6062,กระเบื้องผิวด้าน EDW-3A66-6062,199,https://siamtak.b-cdn.net/hero-product/EDW-3A66-6062.jpg?width=600&quality=80&format=webp,data\granite_images\edw-3a66-6062.jpg
https://www.siamtak.com/products/sp6-pt81-t,SP6-PT81-T,กระเบื้องผิวเงา SP6-PT81-T,299,https://siamtak.b-cdn.net/hero-product/SP6-PT81-T.jpg?width=600&quality=80&format=webp,data\granite_images\sp6-pt81-t.jpg
https://www.siamtak.com/products/edm-a625-058,EDM-A625-058,กระเบื้องผิวด้าน EDM-A625-058,319,https://siamtak.b-cdn.net/hero-product/67bc1a2430b20a8453cea5a4_CLV-low.jpg,data\granite_images\edm-a625-058.jpg
https://www.siamtak.com/products/odf-2010-7,ODF-2010-7,กระเบื้องผิวด้าน ODF-2010-7,319,https://siamtak.b-cdn.net/hero-product/67bc1a2430b20a8453cea5a4_CLV-low.jpg,data\granite_images\odf-2010-7.jpg
https://www.siamtak.com/products/silver-orobico,SILVER OROBICO,หินอ่อนซิลเวอร์โอโลบิโก้ (Silver Orobico Marble) ความงามที่เกิดจากชั้นหินนับพันปี ถ่ายทอดออกมาเป็นลวดลายเส้นแร่ที่ซ้อนทับและไหลราวกับศิลปะธรรมชาติบนผืนผ้าใบ สีเทาน้ำตาลผสานกับเส้นแร่สีขาวและประกายแร่แฝง สร้างเอกลักษณ์ที่ไม่ซ้ำแบบใคร มอบบรรยากาศที่ทรงพลังและเปี่ยมด้วยรสนิยม,4390,https://siamtak.b-cdn.net/hero-product/SOB-Cover.jpg?width=600&quality=80&format=webp,data\granite_images\silver-orobico.jpg
https://www.siamtak.com/products/breccia-damascata,BRECCIA DAMASCATA,หินอ่อนเบรคเซีย ดามาสกาต้า (Breccia Damascata Marble) เนื้อหินโทนสีแดงอิฐสลับกับลวดลายเส้นแร่สีขาวและสีน้ำตาลเข้มอันเป็นเอกลักษณ์ ช่วยเติมเต็มความโดดเด่นและเพิ่มความอบอุ่นที่ดูหรูหราให้กับพื้นที่ของคุณ อย่างเช่นการติดตั้งเป็นผนังตกแต่ง หรือท็อปโต๊ะอาหาร สามารถตกแต่งได้หลากหลายสไตล์,2590,https://siamtak.b-cdn.net/hero-product/DMT-LOW.jpg?width=600&quality=80&format=webp,data\granite_images\breccia-damascata.jpg
https://www.siamtak.com/products/sp6-pt82-t,SP6-PT82-T,กระเบื้องผิวเงา OY7-1522-36,299,https://siamtak.b-cdn.net/hero-product/SP6-PT82-T.jpg?width=600&quality=80&format=webp,data\granite_images\sp6-pt82-t.jpg
https://www.siamtak.com/products/sp6-pt83-t-2,SP6-PT83-T,กระเบื้องผิวเงา SP6-PT83-36,299,https://siamtak.b-cdn.net/hero-product/SP6-PT83-T.jpg?width=600&quality=80&format=webp,data\granite_images\sp6-pt83-t-2.jpg
https://www.siamtak.com/products/oyf-612t-02,OYF-612T-02,กระเบื้องผิวด้าน OYF-612T-02,369,https://siamtak.b-cdn.net/hero-product/OYF-612T-02.jpg?width=600&quality=80&format=webp,data\granite_images\oyf-612t-02.jpg
https://www.siamtak.com/products/mid-m612-806a,MID-M612-806A,กระเบื้องผิวด้าน MID-M612-806A,299,https://siamtak.b-cdn.net/hero-product/67bc1a2430b20a8453cea5a4_CLV-low.jpg,data\granite_images\mid-m612-806a.jpg
https://www.siamtak.com/products/oy-6120-81-2,OY-6120-81,กระเบื้องผิวเงา OY-6120-81,349,https://siamtak.b-cdn.net/hero-product/OY-6120-81.jpg?width=600&quality=80&format=webp,data\granite_images\oy-6120-81-2.jpg
https://www.siamtak.com/products/oy-811,OY-811,กระเบื้องผิวเงา OY-811,349,https://siamtak.b-cdn.net/hero-product/OY-811.jpg?width=600&quality=80&format=webp,data\granite_images\oy-811.jpg
https://www.siamtak.com/products/oy-866,OY-866,กระเบื้องผิวเงา OY-866,329,https://siamtak.b-cdn.net/hero-product/OY-866.jpg?width=600&quality=80&format=webp,data\granite_images\oy-866.jpg
https://www.siamtak.com/products/rosso-orobico,ROSSO OROBICO,หินอ่อนรอสโซ่โอโรบิโก (Rosso Orobico Marble) หนึ่งในหินอ่อนที่มีเอกลักษณ์เฉพาะตัวจากประเทศอิตาลี โดดเด่นด้วยลวดลายที่งดงามเสมือนงานศิลป์ตามธรรมชาติ พื้นหินมีโทนสีเทาอ่อนผสมผสานกับเส้นสายลวดลายสีขาว ขับเน้นด้วยแถบเส้นสีน้ำตาล ทอง และแดงที่พาดผ่านอย่างพลิ้วไหว คล้ายภาพวาดแนว Abstract ที่ธรรมชาติรังสรรค์ขึ้น ทำให้ทุกแผ่นหินแตกต่างไม่ซ้ำกัน,3690,https://siamtak.b-cdn.net/hero-product/66a0c1e2611080d7d046d9ea_ATC-670305-2-cover.jpg?width=600&quality=80&format=webp,data\granite_images\rosso-orobico.jpg
https://www.siamtak.com/products/oy-802,OY-802,กระเบื้องผิวเงา OY-802,319,https://siamtak.b-cdn.net/hero-product/OY-802.jpg?width=600&quality=80&format=webp,data\granite_images\oy-802.jpg
https://www.siamtak.com/products/mis-f612-003a,MIS-F612-003A,กระเบื้องผิวด้าน MIS-F612-003A,279,https://siamtak.b-cdn.net/hero-product/MIS-F612-003A.jpg?width=600&quality=80&format=webp,data\granite_images\mis-f612-003a.jpg
https://www.siamtak.com/products/oy7-1522-36,OY7-1522-36,กระเบื้องผิวเงา OY7-1522-36,329,https://siamtak.b-cdn.net/hero-product/OY7-1522-36.jpg?width=600&quality=80&format=webp,data\granite_images\oy7-1522-36.jpg
https://www.siamtak.com/products/oy-88,OY-88,กระเบื้องผิวเงา OY-88,319,https://siamtak.b-cdn.net/hero-product/OY-88.jpg?width=600&quality=80&format=webp,data\granite_images\oy-88.jpg
https://www.siamtak.com/products/oy6-12zg-046,OY6-12ZG-046,กระเบื้องผิวเงา OY6-12ZG-046,299,https://siamtak.b-cdn.net/hero-product/OY6-12ZG-046.jpg?width=600&quality=80&format=webp,data\granite_images\oy6-12zg-046.jpg
https://www.siamtak.com/products/oy6-1220-69,OY6-1220-69,กระเบื้องผิวเงา OY6-1220-69,299,https://siamtak.b-cdn.net/hero-product/OY6-1220-69.jpg?width=600&quality=80&format=webp,data\granite_images\oy6-1220-69.jpg
https://www.siamtak.com/products/odm-4665-121,ODM-4665-121,กระเบื้องผิวด้าน ODM-4665-121,319,https://siamtak.b-cdn.net/hero-product/ODM-A665-121.jpg?width=600&quality=80&format=webp,data\granite_images\odm-4665-121.jpg
https://www.siamtak.com/products/hsy-6120-1,HSY-6120-1,กระเบื้องผิวด้าน HSY-6120-1,319,https://siamtak.b-cdn.net/hero-product/HSY-6120-1.jpg?width=600&quality=80&format=webp,data\granite_images\hsy-6120-1.jpg
https://www.siamtak.com/products/edw-1a62-6796,EDW-1A62-6796,กระเบื้องผิวด้าน EDW-1A62-6796,359,https://siamtak.b-cdn.net/hero-product/EDW-1A62-6796.jpg?width=600&quality=80&format=webp,data\granite_images\edw-1a62-6796.jpg
https://www.siamtak.com/products/odm-a665-099,ODM-A665-099,กระเบื้องผิวด้าน ODM-A665-099,289,https://siamtak.b-cdn.net/hero-product/ODM-A665-099.jpg?width=600&quality=80&format=webp,data\granite_images\odm-a665-099.jpg
https://www.siamtak.com/products/edw-1a62-5762,EDW-1A62-5762,กระเบื้องผิวด้าน EDW-1A62-5762,359,https://siamtak.b-cdn.net/hero-product/edw-1a62-5762.jpg?width=600&quality=80&format=webp,data\granite_images\edw-1a62-5762.jpg
https://www.siamtak.com/products/hfd-877p,HFD-877P,กระเบื้องผิวเงา HFD-877P,329,https://siamtak.b-cdn.net/hero-product/HFD-877P.jpg?width=600&quality=80&format=webp,data\granite_images\hfd-877p.jpg
https://www.siamtak.com/products/edw-1a62-5938,EDW-1A62-5938,กระเบื้องผิวด้าน EDW-1A62-5938,359,https://siamtak.b-cdn.net/hero-product/EDW-1A62-5938.jpg?width=600&quality=80&format=webp,data\granite_images\edw-1a62-5938.jpg
https://www.siamtak.com/products/edw-1a66-5922,EDW-1A66-5922,กระเบื้องผิวด้าน EDW-1A66-5922,289,https://siamtak.b-cdn.net/hero-product/EDW-1A66-5922.jpg?width=600&quality=80&format=webp,data\granite_images\edw-1a66-5922.jpg
https://www.siamtak.com/products/edm-a667-87,EDM-A667-87,กระเบื้องผิวด้าน EDM-A667-87,329,https://siamtak.b-cdn.net/hero-product/edm-a667-87.jpg?width=600&quality=80&format=webp,data\granite_images\edm-a667-87.jpg
https://www.siamtak.com/products/edw-1a62-5924,EDW-1A62-5924,กระเบื้องผิวด้าน EDW-1A62-5924,359,https://siamtak.b-cdn.net/hero-product/EDW-1A62-5924.jpg?width=600&quality=80&format=webp,data\granite_images\edw-1a62-5924.jpg
https://www.siamtak.com/products/edm-a666-84,EDM-A666-84,กระเบื้องผิวด้าน EDM-A666-84,319,https://siamtak.b-cdn.net/hero-product/edm-a666-84.jpg?width=600&quality=80&format=webp,data\granite_images\edm-a666-84.jpg
https://www.siamtak.com/products/edm-a365-050,EDM-A365-050,กระเบื้องผิวด้าน EDM-A365-050,279,https://siamtak.b-cdn.net/hero-product/EDM-A365-050.jpg?width=600&quality=80&format=webp,data\granite_images\edm-a365-050.jpg
https://www.siamtak.com/products/edm-a665-062,EDM-A665-062,กระเบื้องผิวด้าน EDM-A665-062,279,https://siamtak.b-cdn.net/hero-product/edm-a665-062.jpg?width=600&quality=80&format=webp,data\granite_images\edm-a665-062.jpg
https://www.siamtak.com/products/edd-x702-65,EDD-X702-65,กระเบื้องผิวด้าน EDD-X702-65,469,https://siamtak.b-cdn.net/hero-product/EDD-X702-65.jpg?width=600&quality=80&format=webp,data\granite_images\edd-x702-65.jpg
https://www.siamtak.com/products/edm-a665-057,EDM-A665-057,กระเบื้องผิวด้าน EDM-A665-057,289,https://siamtak.b-cdn.net/hero-product/edm-a665-057.jpg?width=600&quality=80&format=webp,data\granite_images\edm-a665-057.jpg
https://www.siamtak.com/products/edd-x702-66,EDD-X702-66,กระเบื้องผิวด้าน EDD-X702-66,469,https://siamtak.b-cdn.net/hero-product/EDD-X702-66.jpg?width=600&quality=80&format=webp,data\granite_images\edd-x702-66.jpg
https://www.siamtak.com/products/edm-a665-047,EDM-A665-047,กระเบื้องผิวด้าน EDM-A665-047,299,https://siamtak.b-cdn.net/hero-product/EDM-A665-047.jpg?width=600&quality=80&format=webp,data\granite_images\edm-a665-047.jpg
https://www.siamtak.com/products/edm-a665-046,EDM-A665-046,กระเบื้องผิวด้าน EDM-A665-046,279,https://siamtak.b-cdn.net/hero-product/EDM-a665-046.jpg?width=600&quality=80&format=webp,data\granite_images\edm-a665-046.jpg
https://www.siamtak.com/products/edk-ma66-684,EDK-MA66-684,กระเบื้องผิวเงา EDK-MA66-684,329,https://siamtak.b-cdn.net/hero-product/EDK-MA66-684%2060x60.jpg?width=600&quality=80&format=webp,data\granite_images\edk-ma66-684.jpg
https://www.siamtak.com/products/edk-ma75-2234,EDK-MA75-2234,กระเบื้องผิวเงา EDK-MA75-2234,409,https://siamtak.b-cdn.net/hero-product/EDK-MA75-2234.jpg?width=600&quality=80&format=webp,data\granite_images\edk-ma75-2234.jpg
https://www.siamtak.com/products/edd-x702-63,EDD-X702-63,กระเบื้องผิวด้าน EDD-X702-63,469,https://siamtak.b-cdn.net/hero-product/EDD-X702-63.jpg?width=600&quality=80&format=webp,data\granite_images\edd-x702-63.jpg
https://www.siamtak.com/products/sh-6200,SH-6200,กระเบื้องผิวเงา SH-6200,319,https://siamtak.b-cdn.net/hero-product/SH-6200.jpg?width=600&quality=80&format=webp,data\granite_images\sh-6200.jpg
https://www.siamtak.com/products/dp-6205-8a,DP-6205-8A,กระเบื้องผิวเงา DP-6205-8A,260,https://siamtak.b-cdn.net/hero-product/DP-6205-8A%2030x60.jpg?width=600&quality=80&format=webp,data\granite_images\dp-6205-8a.jpg
https://www.siamtak.com/products/ck6-fct08m,CK6-FCT08M,กระเบืองผิวด้าน CK6-FCT08M,269,https://siamtak.b-cdn.net/hero-product/CK6-FCT0-8M%2060x60.jpg?width=600&quality=80&format=webp,data\granite_images\ck6-fct08m.jpg
https://www.siamtak.com/products/ck6-mta0-6m,CK6-MTA0-6M,กระเบื้องผิวด้าน CK6-MTA0-6M,269,https://siamtak.b-cdn.net/hero-product/CK6-MTA0-6M.jpg?width=600&quality=80&format=webp,data\granite_images\ck6-mta0-6m.jpg
https://www.siamtak.com/products/ck6-6a04-m,CK6-6A04-M,กระเบื้องผิวด้าน CK6-6A04-M,269,https://siamtak.b-cdn.net/hero-product/CK6-6A04-M%2060x60.jpg?width=600&quality=80&format=webp,data\granite_images\ck6-6a04-m.jpg
https://www.siamtak.com/products/ck-fct1-01m,CK6-FCT1-01M,กระเบื้องผิวด้าน CK6-FCT1-01M,269,https://siamtak.b-cdn.net/hero-product/CK6-FCT1-01M%2060x60.jpg?width=600&quality=80&format=webp,data\granite_images\ck-fct1-01m.jpg
https://www.siamtak.com/products/yr-6038,YR-6038,กระเบื้องผิวด้าน YR-6038,339,https://siamtak.b-cdn.net/hero-product/YR-6038.jpg?width=600&quality=80&format=webp,data\granite_images\yr-6038.jpg
https://www.siamtak.com/products/sh-6000-m,SH-6000-M,กระเบื้องผิวด้าน SH-6000-M,229,https://siamtak.b-cdn.net/hero-product/SH-6000-M.jpg?width=600&quality=80&format=webp,data\granite_images\sh-6000-m.jpg
https://www.siamtak.com/products/yrs-6028,YRS-6028,กระเบื้องผิวด้าน YRS-6028,339,https://siamtak.b-cdn.net/hero-product/YRS-6028.jpg?width=600&quality=80&format=webp,data\granite_images\yrs-6028.jpg
https://www.siamtak.com/products/q-3311,Q-3311,กระเบื้องผิวเงา Q-3311,359,https://siamtak.b-cdn.net/hero-product/Q-3311.jpg?width=600&quality=80&format=webp,data\granite_images\q-3311.jpg
https://www.siamtak.com/products/ojy-6121-23,OYJ-6121-23,กระเบื้องผิวเงา OYJ-6121-23,359,https://siamtak.b-cdn.net/hero-product/OYJ-6121-23.jpg?width=600&quality=80&format=webp,data\granite_images\ojy-6121-23.jpg
https://www.siamtak.com/products/oys-4800-6,OYS-4800-6,กระเบื้องผิวด้าน OYS-4800-6,370,https://siamtak.b-cdn.net/hero-product/OYS-4800-6.jpg?width=600&quality=80&format=webp,data\granite_images\oys-4800-6.jpg
https://www.siamtak.com/products/p-6689-1,P-6689-1,กระเบื้องผิวด้าน P-6689-1,279,https://siamtak.b-cdn.net/hero-product/P-6689-1.jpg?width=600&quality=80&format=webp,data\granite_images\p-6689-1.jpg
https://www.siamtak.com/products/oyj-6121-21,OYJ-6121-21,กระเบื้องผิวด้าน OYJ-6121-21,369,https://siamtak.b-cdn.net/hero-product/OYJ-6121-21.jpg ?width=600&quality=80&format=webp,
https://www.siamtak.com/products/oy-t06-2,OY-T06,กระเบื้องผิวเงา OY-T06,349,https://siamtak.b-cdn.net/hero-product/OY-T06.jpg?width=600&quality=80&format=webp,data\granite_images\oy-t06-2.jpg
https://www.siamtak.com/products/oyj-6123-4,OYJ-6123-4,กระเบื้องผิวเงา OYJ-6123-4,339,https://siamtak.b-cdn.net/hero-product/OYJ-6123-4.jpg?width=600&quality=80&format=webp,data\granite_images\oyj-6123-4.jpg
https://www.siamtak.com/products/pit-04,PIT-04,กระเบื้องผิวด้าน PIT-04,269,https://siamtak.b-cdn.net/hero-product/PIT-04.jpg?width=600&quality=80&format=webp,data\granite_images\pit-04.jpg
https://www.siamtak.com/products/oyc-6301,OYC-6301,กระเบื้องผิวเงา OYC-6301,279,https://siamtak.b-cdn.net/hero-product/OYC-6301.jpg?width=600&quality=80&format=webp,data\granite_images\oyc-6301.jpg
https://www.siamtak.com/products/oyf-d854,OYF-D854,กระเบื้องผิวเงา OYF-D854,329,https://siamtak.b-cdn.net/hero-product/OYF-D854.jpg?width=600&quality=80&format=webp,data\granite_images\oyf-d854.jpg
https://www.siamtak.com/products/oy-6128-36,OY-6128-36,กระเบื้องผิวเงา OY-6128-36,299,https://siamtak.b-cdn.net/hero-product/OY-6128-36.jpg?width=600&quality=80&format=webp,data\granite_images\oy-6128-36.jpg
https://www.siamtak.com/products/oyf-6660-81,OYF-6660-81,กระเบื้องผิวด้าน OYF-6660-81,279,https://siamtak.b-cdn.net/hero-product/OYF-6660-81.jpg?width=600&quality=80&format=webp,data\granite_images\oyf-6660-81.jpg
https://www.siamtak.com/products/oy-6128-25,OY-6128-25,กระเบื้องผิวเงา OY-6128-25,339,https://siamtak.b-cdn.net/hero-product/OY-6128-25.jpg?width=600&quality=80&format=webp,data\granite_images\oy-6128-25.jpg
https://www.siamtak.com/products/oy-6129-91,OY-6129-91,กระเบื้องผิวเงา OY-6129-91,299,https://siamtak.b-cdn.net/hero-product/OY-6129-91.jpg?width=600&quality=80&format=webp,data\granite_images\oy-6129-91.jpg
https://www.siamtak.com/products/oy-6128-55,OY-6128-55,กระเบื้องผิวเงา OY-6128-55,339,https://siamtak.b-cdn.net/hero-product/OY-6128-55.jpg?width=600&quality=80&format=webp,data\granite_images\oy-6128-55.jpg
https://www.siamtak.com/products/oy-6127-06,OY-6127-06,กระเบื้องผิวเงา OY-6127-06,349,https://siamtak.b-cdn.net/hero-product/OY-6127-06.jpg?width=600&quality=80&format=webp,data\granite_images\oy-6127-06.jpg
https://www.siamtak.com/products/oy-6800-4-2,OY-6800-4,กระเบื้องผิวด้าน OY-6800-4,299,https://siamtak.b-cdn.net/hero-product/OY-6800-4.jpg?width=600&quality=80&format=webp,data\granite_images\oy-6800-4-2.jpg
https://www.siamtak.com/products/oy-6126-84,OY-6126-84,กระเบื้องผิวเงา OY-6126-84,319,https://siamtak.b-cdn.net/hero-product/OY-6126-84.jpg?width=600&quality=80&format=webp,data\granite_images\oy-6126-84.jpg
https://www.siamtak.com/products/oy-6126-37,OY-6126-37,กระเบื้องผิวเงา OY-6126-37,339,https://siamtak.b-cdn.net/hero-product/OY-6126-37.jpg?width=600&quality=80&format=webp,data\granite_images\oy-6126-37.jpg
https://www.siamtak.com/products/oy-6126-07,OY-6126-07,กระเบื้องผิวเงา OY-6126-07,339,https://siamtak.b-cdn.net/hero-product/OY-6126-07.jpg?width=600&quality=80&format=webp,data\granite_images\oy-6126-07.jpg
https://www.siamtak.com/products/classic-white,CLASSICAL WHITE,หินแกรนิต คลาสสิกคอลไวท์ (Classical White Granite) เติมเต็มพื้นที่ของคุณด้วยความบริสุทธิ์และเรียบง่ายของหินแกรนิต Classical White ลวดลายเส้นสายสีเทาอ่อนพาดผ่านพื้นผิวสีขาวนวลอย่างเป็นธรรมชาติ มอบความรู้สึกสะอาดตาและทันสมัย สามารถเข้าได้กับทุกสไตล์การออกแบบ ไม่ว่าจะเป็นเคาน์เตอร์ครัวหรือผนังตกแต่ง,1790,https://siamtak.b-cdn.net/hero-product/654b3e125d72664d765babd0_CS1.jpg?width=600&quality=80&format=webp,data\granite_images\classic-white.jpg
https://www.siamtak.com/products/oy-6126-01,OY-6126-01,กระเบื้องผิวเงา OY-6126-01,299,https://siamtak.b-cdn.net/hero-product/OY-6126-01.jpg?width=600&quality=80&format=webp,data\granite_images\oy-6126-01.jpg
https://www.siamtak.com/products/blue-pearl-2,BLUE PEARL #2,หินแกรนิต บลูเพิร์ล #2 (Blue Pearl #2) ด้วยเฉดฟ้าเข้มที่ลุ่มลึกและลวดลายละเอียด หินแกรนิตบลูเพิร์ล #2 ให้ความรู้สึกสงบหรูหรา เหมาะอย่างยิ่งสำหรับพื้นที่ที่เน้นดีไซน์เรียบง่ายแต่พรีเมียม เช่น เคาน์เตอร์บาร์ โต๊ะกลาง หรือพื้นห้องรับแขก ช่วยเพิ่มมิติที่ดูมีระดับโดยไม่ฉูดฉาดเกินไป,2490,https://siamtak.b-cdn.net/hero-product/65447e1a785455814ce909df_BP02.jpg?width=600&quality=80&format=webp,data\granite_images\blue-pearl-2.jpg
https://www.siamtak.com/products/african-black,AFRICAN BLACK,หินแกรนิตดำแอฟริกา (African Black Granite) หินแกรนิตสีดำที่มีคุณภาพสูงที่สุดและดำสนิทที่สุด เหมาะสำหรับนำไปทำเป็นท็อปครัว ท็อปโต๊ะ หรือจุดต่าง ๆ ที่ต้องการความแข็งแรง,2190,https://siamtak.b-cdn.net/hero-product/6544835929006ff12c703584_AB.jpeg?width=600&quality=80&format=webp,data\granite_images\african-black.jpg
https://www.siamtak.com/products/river-gold,RIVER GOLD,หินแกรนิตริเวอร์โกล์ด (River Gold Granite) นิยามของความหรูหราที่มาพร้อมความงามตามธรรมชาติ ด้วยพื้นผิวสีครีมและทองอร่ามที่สอดแทรกด้วยลวดลายเส้นสายสีน้ำตาลเข้มและสีดำ ทำให้ดูมีมิติและเคลื่อนไหวคล้ายผืนน้ำในแม่น้ำที่ระยิบระยับ หินแกรนิตชนิดนี้ไม่เพียงแต่ให้ความรู้สึกอบอุ่นและโอ่อ่า แต่ยังมีคุณสมบัติที่แข็งแกร่งทนทานต่อการใช้งานหนัก เหมาะอย่างยิ่งสำหรับการทำเคาน์เตอร์ในครัว พื้น หรือผนังที่ต้องการวัสดุที่สวยงามและใช้งานได้จริงในระยะยาว,1990,https://siamtak.b-cdn.net/hero-product/67ca77148702b909d767fc33_RVG-Low.jpg?width=600&quality=80&format=webp,data\granite_images\river-gold.jpg
https://www.siamtak.com/products/bianco-black,BIANCO BLACK,หินแกรนิตเบียงโก้แบล็ค (Bianco Black Granite) ประกายเกล็ดแร่สีทองสุดสวยงามเมื่อมีแสงมากระทบที่หน้าหิน หินแกรนิตดำเกล็ดทองที่ขึ้นชื่อเรื่องความงามเหนือกาลเวลา พื้นหินสีดำสนิทแทรกด้วยประกายเกล็ดแร่ทองที่ระยิบระยับเมื่อสะท้อนกับแสง ช่วยเพิ่มมิติและความหรูหราให้ทุกพื้นที่ เหมาะสำหรับงานตกแต่งหลากหลาย ไม่ว่าจะเป็นพื้น เคาน์เตอร์ครัว หรือผนังตกแต่งที่ต้องการความพิเศษ,1790,https://siamtak.b-cdn.net/hero-product/67ca9788fa6814c0fe9c7394_BB-cover.jpg?width=600&quality=80&format=webp,data\granite_images\bianco-black.jpg
https://www.siamtak.com/products/river-white,RIVER WHITE,หินแกรนิตริเวอร์ไวท์ (River White Granite) โดดเด่นด้วยพื้นผิวสีขาวนวลสะอาดตาที่มีลายเส้นสีเทาเข้มพาดผ่านราวกับสายน้ำที่ไหลอย่างสงบงาม เส้นสายที่พลิ้วไหวนี้สร้างความรู้สึกที่อ่อนโยนและเป็นธรรมชาติ ทำให้เป็นหินที่เหมาะกับการตกแต่งในทุกสไตล์ ไม่ว่าจะเป็นเคาน์เตอร์ในครัวที่ต้องการความสว่าง หรือผนังที่ต้องการความเรียบง่ายแต่มีเอกลักษณ์,1790,https://siamtak.b-cdn.net/hero-product/654b4644080dce0d6c1e06e5_RVW.jpg?width=600&quality=80&format=webp,data\granite_images\river-white.jpg
https://www.siamtak.com/products/viscon-white,VISCON WHITE,หินแกรนิต วิสคอนไวท์ (Viscon White Granite) เผยความสง่างามในทุกมุมมอง ด้วยพื้นสีขาวสะอาดสอดแทรกลวดลายเทาอ่อนแบบธรรมชาติ ให้ความรู้สึกกว้าง โปร่ง และเรียบหรู เหมาะสำหรับพื้นที่ที่ต้องการแสงสะท้อนและบรรยากาศสบายตา ไม่ว่าจะเป็นพื้น เคาน์เตอร์ หรือผนังตกแต่ง ทำให้ทุกพื้นที่ดูมีชีวิตชีวาและคลาสสิกในเวลาเดียวกัน,1590,https://siamtak.b-cdn.net/hero-product/67eba81fcce31211c8c9c460_VGW.jpg?width=600&quality=80&format=webp,data\granite_images\viscon-white.jpg
https://www.siamtak.com/products/black-forest,BLACK FOREST,หินแกรนิต แบล็คฟอเรสท์ (Black Forest) นำความสง่างามจากธรรมชาติมาสู่การตกแต่งของคุณอย่างแท้จริง ด้วยพื้นผิวสีดำเข้มที่ดูทรงพลัง ตัดกับลายเส้นสีขาวที่พลิ้วไหวราวกับภาพวาดพู่กันจีน ทำให้แต่ละแผ่นมีเอกลักษณ์เฉพาะตัวไม่ซ้ำกัน หินชนิดนี้ให้ความรู้สึกแข็งแกร่งและน่าค้นหา เหมาะสำหรับพื้นที่ที่ต้องการความโดดเด่นและมีสไตล์ที่แตกต่างอย่างมีระดับ,1890,https://siamtak.b-cdn.net/hero-product/65448225524e34d59f4a4a1e_BFS.jpeg?width=600&quality=80&format=webp,data\granite_images\black-forest.jpg
https://www.siamtak.com/products/titanium-black,TITANIUM BLACK,หินแกรนิตไทเทเนียมแบล็ค (Titanium Black),2190,https://siamtak.b-cdn.net/hero-product/67ca99db7c8ca6c7dffbc2a3_TTB-cover.jpg?width=600&quality=80&format=webp,data\granite_images\titanium-black.jpg
https://www.siamtak.com/products/lemurian-blue,LEMURIAN BLUE,หินแกรนิตลีมูเรียนบลู (Lemurian Blue Granite) หินแกรนิตระดับพรีเมียมที่โดดเด่นด้วยเฉดสีน้ำเงินเข้มสลับประกายฟ้าและเขียวราวกับแสงเหนือ ทำให้พื้นผิวดูมีชีวิตชีวาและหรูหราไม่เหมือนใคร ลายธรรมชาติที่ซับซ้อนและประกายระยิบระยับของ Lemurian Blue สะท้อนถึงความงดงามอันล้ำค่าจากใต้พิภพ เหมาะอย่างยิ่งสำหรับงานตกแต่งที่ต้องการความโดดเด่น เช่น เคาน์เตอร์ครัว ไอส์แลนด์ แผงผนัง และโต๊ะกลาง หินชนิดนี้ไม่เพียงเพิ่มความงามให้พื้นที่ แต่ยังมีความแข็งแรง ทำให้ใช้งานได้จริงควบคู่กับความงดงามเหนือกาลเวลา Lemurian Blue จึงเป็นตัวเลือกที่ตอบโจทย์ทั้งฟังก์ชันและดีไซน์ระดับหรู,4990,https://siamtak.b-cdn.net/hero-product/67ca822843c254bc2cfbd64c_LRB-cover.jpg?width=600&quality=80&format=webp,data\granite_images\lemurian-blue.jpg
https://www.siamtak.com/products/monalisa,MONALISA,"หินแกรนิตโมนาริซา (Monalisa Marble) เป็นตัวแทนของความสง่างามเหนือกาลเวลา โทนสีเทาอ่อนผสานลายเส้นแร่ที่ละเอียดอ่อน เหมือนผลงานศิลปะบนพื้นผิวหิน สร้างบรรยากาศหรูหราแต่ไม่โอ้อวด เหมาะสำหรับงานตกแต่งภายในที่ต้องการความละเอียดอ่อนและความประณีต เช่น เคาน์เตอร์บาร์, ผนังโชว์ หรือพื้นห้องรับแขก",2190,https://siamtak.b-cdn.net/hero-product/6735954d26620adac55d0d0f_MNL.jpg?width=600&quality=80&format=webp,data\granite_images\monalisa.jpg
https://www.siamtak.com/products/emerald-pearl,EMERALD PEARL,หินแกรนิต เอ็มเมอรัลเพิร์ล (Emerald Pearl Granite) มีความพิเศษอยู่ที่สีเขียวอมดำที่ดูหรูหราลุ่มลึก พร้อมประกายมุกสีทองและเงินที่แวววาวเมื่อต้องแสงไฟ ทำให้ดูงดงามและลึกลับราวกับอัญมณีล้ำค่า เป็นตัวเลือกที่ยอดเยี่ยมสำหรับงานที่ต้องการความหรูหราและดึงดูดสายตา เช่น เคาน์เตอร์ครัวหรือผนังตกแต่งในห้องน้ำ,3479,https://siamtak.b-cdn.net/hero-product/65447c9d93ead1c038ae5736_EP.jpeg?width=600&quality=80&format=webp,data\granite_images\emerald-pearl.jpg
https://www.siamtak.com/products/black-galaxy,BLACK GALAXY (ดำเกล็ดทอง),หินแกรนิตดำเกล็ดทอง (Black Galaxy Granite) หินแกรนิตสีดำที่มีประกายเกล็ดแร่สีทองสุดสวยงามเมื่อมีแสงมากระทบที่หน้าหินทำให้มีประกายเกล็ดแร่สีทองสุดสวยงามเมื่อมีแสงมากระทบที่หน้าหิน หินแกรนิตดำเกล็ดทองที่ขึ้นชื่อเรื่องความงามเหนือกาลเวลา พื้นหินสีดำสนิทแทรกด้วยประกายเกล็ดแร่ทองที่ระยิบระยับเมื่อสะท้อนกับแสง ช่วยเพิ่มมิติและความหรูหราให้ทุกพื้นที่ เหมาะสำหรับงานตกแต่งหลากหลาย ไม่ว่าจะเป็นพื้น เคาน์เตอร์ครัว หรือผนังตกแต่งที่ต้องการความพิเศษ,1990,https://siamtak.b-cdn.net/hero-product/6555c70232fd5d4c898f0c82_GDP.jpg?width=600&quality=80&format=webp,data\granite_images\black-galaxy.jpg
https://www.siamtak.com/products/titanium-gold,TITANIUM GOLD,หินแกรนิตไทเทเนียมโกลด์ (Titanium Gold Granite) โดดเด่นด้วยโทนสีดำเข้มตัดกับลายแร่ทองและขาวที่สวยสะดุดตา ให้ความรู้สึกหรูหราและทันสมัย เหมาะสำหรับงานตกแต่งที่ต้องการความพิเศษ เช่น เคาน์เตอร์ครัว เคาน์เตอร์บาร์ หรือผนังตกแต่ง ที่ต้องการสไตล์โดดเด่นและความทนทานสูง,3590,https://siamtak.b-cdn.net/hero-product/67ca9b0643631894fede769d_TTG.jpg?width=600&quality=80&format=webp,data\granite_images\titanium-gold.jpg
https://www.siamtak.com/products/indian-black,INDIAN BLACK,หินแกรนิต ดำอินเดีย (Indian Black Granite) เหมาะสำหรับการนำไปทำเป็นท็อปเคาน์เตอร์ครัว ท็อปอ่างล้างมือ หรือส่วนอื่นๆ ที่ต้องการความแข็งแรง,1350,https://siamtak.b-cdn.net/hero-product/6555b34a18caf759173e834a_IDB.jpg?width=600&quality=80&format=webp,data\granite_images\indian-black.jpg
https://www.siamtak.com/products/azul-white,AZUL WHITE,หินแกรนิตอะซูลไวท์ (Azul White Granite) ความงดงามที่ผสมผสานระหว่างความบริสุทธิ์ของสีขาวและเส้นแร่สีฟ้าอ่อนอย่างลงตัวลวดลายที่ดูอ่อนโยนและมีมิติ สร้างบรรยากาศโปร่ง โล่ง และหรูหราในทุกพื้นที่ เหมาะกับการตกแต่งทั้งภายในและภายนอก ให้สัมผัสของความสว่างและความพิเศษเหนือใครลงตัวกับงานดีไซน์ที่ต้องการความเรียบหรู ไม่ว่าจะเป็นพื้น เคาน์เตอร์ หรือผนัง,2490,https://siamtak.b-cdn.net/hero-product/67ca76a5fa98d6c769fa6b54_AZW.jpg?width=600&quality=80&format=webp,data\granite_images\azul-white.jpg
https://www.siamtak.com/products/china-white-602-2,CHINA WHITE 602,หินแกรนิต ขาวจีน 602#2 (China White Granite 602#2) หินธรรมชาติที่สะท้อนความเรียบง่ายและสะอาดตาได้อย่างไร้ที่ติ ด้วยพื้นผิวสีขาวสว่างหรือเทาอ่อนที่สม่ำเสมอทั่วทั้งแผ่น โดดเด่นด้วยการกระจายตัวของเม็ดแร่สีดำและสีเทาขนาดเล็กอย่างสม่ำเสมอ ทำให้เกิดลวดลายที่ดูละมุนตาและเป็นระเบียบ หินชนิดนี้เป็นที่นิยมอย่างมากในงานออกแบบที่เน้นความโมเดิร์นและมินิมอล เพราะให้ความรู้สึกโปร่งโล่งสบายตา และยังเป็นวัสดุที่แข็งแกร่งทนทานต่อการขีดข่วนและความร้อนสูง จึงเหมาะอย่างยิ่งสำหรับเคาน์เตอร์ครัวและพื้นที่ที่ต้องการความสวยงามควบคู่ไปกับฟังก์ชันการใช้งาน,459,https://siamtak.b-cdn.net/hero-product/67ebb2308461601163452488_602-low.jpg?width=600&quality=80&format=webp,data\granite_images\china-white-602-2.jpg
https://www.siamtak.com/products/khao-tone,KHAO TONE,"หินแกรนิตเขาโทน (Khao Tone Granite) หินธรรมชาติที่ถ่ายทอดความสงบและเรียบง่ายแบบไทยได้อย่างงดงามสมชื่อ ด้วยพื้นผิวสีขาวสะอาดตาเป็นหลัก ประดับด้วยเม็ดแร่สีดำและสีเทาขนาดเล็กที่กระจายตัวอยู่ทั่วทั้งแผ่นอย่างมีศิลปะ ทำให้เกิดลวดลายที่ดูละมุนและมีมิติ ไม่จัดจ้านเกินไป หินชนิดนี้เป็นสัญลักษณ์ของความแข็งแกร่งและทนทานที่มาจากธรรมชาติอย่างแท้จริง เหมาะอย่างยิ่งสำหรับผู้ที่ต้องการสร้างบรรยากาศที่ดูโปร่งโล่ง สะอาด และคลาสสิกให้กับพื้นที่ ไม่ว่าจะเป็นเคาน์เตอร์, พื้น, หรือผนัง หินเขาโทนจะมอบความงามที่เหนือกาลเวลาได้อย่างลงตัว",1790,https://siamtak.b-cdn.net/hero-product/6555b1b6a8b87ce0b60c40f5_KT.jpg?width=600&quality=80&format=webp,data\granite_images\khao-tone.jpg
https://www.siamtak.com/products/eclipse,ECLIPSE,หินแกรนิตอีคลิปส์ (Eclipse Granite) นำเสนอความลึกลับและความงามที่น่าค้นหา ด้วยพื้นผิวสีเทาเข้มเกือบดำที่ดูแข็งแกร่งและน่าเกรงขาม ลวดลายเส้นสีขาวและสีเทาที่กระจัดกระจายอยู่ทั่วแผ่นให้ความรู้สึกเหมือนแสงจันทร์ที่ส่องผ่านเมฆในยามค่ำคืน หินชนิดนี้เป็นตัวเลือกที่สมบูรณ์แบบสำหรับงานที่ต้องการความโดดเด่นและมีดีไซน์ที่แตกต่างอย่างมีระดับ,2990,https://siamtak.b-cdn.net/hero-product/65447bf303300e91cc80cff4_ECL.jpeg?width=600&quality=80&format=webp,data\granite_images\eclipse.jpg
https://www.siamtak.com/products/antique-white,ANTIQUE WHITE,หินแกรนิตแอนติกไวท์ (Antique White granite) หินธรรมชาติที่ถ่ายทอดความงามแบบคลาสสิกและอบอุ่นได้อย่างลงตัว ด้วยพื้นผิวสีขาวครีมหรือขาวนวลที่ดูอ่อนโยนเป็นหลัก แต่ถูกเติมเต็มด้วยเม็ดแร่สีดำและสีเทาที่กระจายตัวอยู่ทั่วทั้งแผ่นอย่างมีเสน่ห์ จุดเด่นที่ทำให้หินชนิดนี้มีเอกลักษณ์เฉพาะตัวคือเม็ดแร่สีแดงเข้มหรือสีสนิมที่แทรกอยู่ สร้างความรู้สึกวินเทจและน่าสนใจไม่เหมือนใคร หินแอนติกไวท์จึงเหมาะสำหรับผู้ที่ต้องการสร้างบรรยากาศที่ดูหรูหราแบบย้อนยุคแต่ยังคงความแข็งแกร่งทนทานต่อการใช้งานหนักได้เป็นอย่างดี,2490,https://siamtak.b-cdn.net/hero-product/659f63fa00f874b78b9d2d52_AT1.jpg?width=600&quality=80&format=webp,data\granite_images\antique-white.jpg
